id,salutation,first_name,last_name,email,phone,created_at,updated_at
57aa3f47-cad8-4343-a464-f3ecfdeaefa3,Mrs.,Kristen,Todd,lopezdanny@example.net,359-571-7767x26094,2025-08-04T18:58:29.747732,2025-04-18T12:10:28.461661
340b1aed-f09a-4b39-87b7-c9e68fe75d05,Prof.,Daniel,Cunningham,hillchad@example.com,+1-377-978-6028x03953,2025-06-14T16:38:51.280389,2025-03-13T10:36:46.790927
9d12694d-0014-48fa-9fa2-f8bec12478c9,Prof.,Adam,Allen,walljennifer@example.com,001-940-470-2722x26963,2025-01-13T06:44:26.734552,2025-08-07T04:14:49.981646
4b6dba5a-1dc7-4ca3-913f-5ab0af6c2b09,Ms.,Brandon,Johnson,nathaniel16@example.net,395.875.4196,2024-12-09T08:55:09.141569,2024-12-26T03:56:22.281252
de426ff2-6c81-4718-a849-33f5da265c90,Mrs.,Elizabeth,Haas,brittany02@example.net,208-581-9925x58514,2025-07-22T06:54:59.035289,2025-08-05T17:03:38.669457
8886fec3-c7cb-4c03-93a8-6a3b827b025a,Prof.,Nicholas,Winters,gillespiemichelle@example.org,627.253.0414x081,2025-03-09T09:58:30.466851,2025-10-24T10:46:28.680742
7ccaeb11-3e01-4d45-b68e-979cb58d91a6,Prof.,Jennifer,Gibbs,brandonwest@example.org,452-905-9195x9513,2024-12-20T21:40:35.808268,2025-09-28T19:53:44.103684
1101e044-febe-4e72-8860-cfc3a331d970,Ms.,Ronald,Henderson,dmarks@example.com,599.461.3630,2024-10-29T05:24:38.831602,2025-04-12T01:45:47.423542
ee160c0c-1e4f-4779-8aea-590b56940a9a,Prof.,Virginia,Nguyen,katieanderson@example.org,(705)682-7399,2025-08-08T09:37:52.888536,2025-01-18T11:19:13.317797
7f0efd89-b3fe-4c79-96a5-2d73573e934d,Mr.,Brittany,Wise,robertherman@example.org,435.686.0319,2025-01-20T02:45:01.640105,2025-01-08T18:02:31.205766
4c4bb545-2dd2-4552-83d4-b28b9e1cc102,Ms.,Clifford,Stephens,fsmith@example.com,+1-892-593-0917x3013,2024-11-20T07:14:05.299322,2025-09-11T10:15:09.002385
38af5df5-b84d-4521-9aa3-2aac40624795,Dr.,Daniel,Cuevas,jmartinez@example.com,373.499.4102x063,2024-12-22T02:50:36.368723,2025-09-18T21:05:20.817489
f6b8fcb6-615f-40cc-9fa6-85e153c33e84,Ms.,Jeffrey,Santos,gonzalezjared@example.org,+1-508-318-1005x22231,2025-05-18T02:32:37.478550,2025-03-09T03:15:24.712488
089e0c00-82de-425a-88a1-32179631481d,Mrs.,Lisa,Woods,david13@example.com,611-785-3469x601,2025-09-07T14:08:36.446614,2025-05-14T17:41:41.192420
f2305489-33f8-4349-bd14-3a117a1af3ca,Prof.,Jeffrey,Hall,kfletcher@example.com,746.827.9385x227,2024-12-21T09:50:23.413566,2025-06-28T05:04:47.308268
1b033626-79ca-4f57-aaa0-06eadf1b91d1,Mr.,Stephanie,Brown,jacobcochran@example.com,001-404-554-9652,2025-08-29T20:49:33.745166,2025-07-28T13:02:19.941618
6323495c-4d3c-4aec-b3de-af9429bfc37a,Dr.,Mary,Young,sharonmartin@example.net,001-264-693-7807x1514,2025-06-20T18:10:01.654008,2025-04-28T19:14:10.792056
3a5a05b8-ef71-44fd-aa6e-cb682ea76ee5,Prof.,Anthony,Daniel,nathanielvillarreal@example.com,(439)523-9699,2025-06-29T07:08:19.840656,2025-01-15T09:23:34.592942
23c121cf-929e-4b71-abf1-1d7adf834fa5,Prof.,Kevin,Dunlap,michaelthomas@example.org,+1-525-395-5541x68802,2025-01-24T17:20:03.658834,2024-11-03T08:25:43.066664
fdfc47e7-8f94-4e16-8c3e-754ddd77d4f4,Prof.,Dylan,Crosby,carrollann@example.net,+1-880-879-8456x73832,2025-03-17T23:50:00.627352,2025-10-16T17:54:20.244328
e58a8ddd-c0b3-4118-9b12-260206b208f0,Mrs.,Sandra,Young,rdoyle@example.net,969-807-8741,2025-07-09T05:56:08.808686,2025-03-03T22:12:35.031036
07c93280-05d7-4c66-9f7b-87d732f5477b,Prof.,James,May,washingtonkelly@example.org,+1-755-209-0889x3128,2025-08-25T10:33:05.815525,2025-07-18T10:19:35.701717
39c761e6-56cc-43a8-b0d6-7d2462be6c40,Mrs.,Jesus,Banks,rmendez@example.net,213-758-4936,2024-11-24T16:42:00.439209,2025-03-08T09:31:44.976248
3d49fb0b-9c8d-4ad3-b5b6-d400a1a5f3d7,Ms.,Paige,Day,sandrajones@example.com,(634)870-3422x97781,2025-08-24T19:51:47.098543,2025-03-29T04:03:00.610986
e5d9e280-0c45-4fc7-9a65-4a775ccf9352,Ms.,Jacqueline,Lewis,terrismith@example.com,001-536-941-8336,2025-08-15T00:16:25.822357,2025-08-23T15:50:44.434741
558467d5-8ab9-43cb-b0bc-a6046afc0154,Mr.,Janice,Peterson,jonathan94@example.org,(254)771-5691x2999,2024-10-29T00:07:38.277253,2025-04-25T14:55:10.833648
36233233-a2fe-4da4-b86e-ea3c8c4482e2,Dr.,Manuel,Davis,kaylatate@example.org,965.924.8530x980,2025-01-06T01:21:58.707756,2025-10-15T17:46:19.867983
1efe825a-2fce-41d3-a795-2704be93679b,Dr.,Jose,Price,jensenbrian@example.net,001-605-269-8289,2024-11-26T22:28:55.600508,2025-02-01T17:02:10.455320
90801497-be18-46d1-8552-f69443246fbc,Prof.,Russell,Elliott,kristenday@example.org,925-391-3668x96761,2025-06-10T21:43:53.766697,2025-02-04T06:34:15.187429
1d7d0fe4-610f-4bbb-bbf5-7ade5625e3ad,Prof.,Derek,Clark,byoung@example.net,+1-402-904-2850x59552,2025-09-01T04:14:30.811375,2025-02-15T14:58:54.192418
aa692e49-4728-460a-b958-27d9174f8cfa,Ms.,Darrell,Brown,carterwanda@example.org,+1-748-615-7793,2025-05-10T18:00:20.075926,2025-03-14T18:05:58.802567
3de3d54c-c552-4783-84f3-201428f0aaf2,Mr.,Kelly,Barnett,fullerconnor@example.net,945.529.5662,2024-12-28T23:19:05.824525,2025-10-09T23:34:50.120617
eba84c9d-01a9-462a-bc3f-df2401e68a76,Mrs.,Andrew,Miller,allison80@example.com,+1-867-572-1257x4552,2025-02-04T08:27:51.321329,2025-05-25T15:29:44.630528
97c6814f-a989-41ff-92a5-47e5336092d7,Ms.,Jamie,Clark,dhernandez@example.net,916.623.1670x0264,2025-09-12T23:56:41.182352,2025-01-19T13:20:00.972784
803a1f65-90a2-435c-8adc-a4fadac3ab60,Ms.,Jorge,Roman,jonesgeorge@example.net,(237)470-7032x0970,2025-06-14T09:44:16.706065,2025-02-10T00:32:56.595270
af4d02f3-56af-45ce-bc86-c17713c08271,Mrs.,Jennifer,Richmond,nicholas45@example.org,(793)693-8798x6943,2025-04-09T01:03:12.857078,2025-02-06T16:15:55.087854
814f1064-2138-495d-9ba1-a3f0806ceba4,Ms.,Stacie,Potter,kennedyjessica@example.com,5959126090,2025-03-09T07:59:29.584144,2025-01-14T15:51:16.655912
13828a6d-c802-4f39-9e41-564d5ab61386,Mrs.,Angela,Marsh,robertsandrew@example.net,846-565-1763x55823,2025-05-24T03:56:13.733476,2025-05-14T12:10:32.124463
54d13f07-043a-40ef-ac4e-b1f67d50b54c,Mrs.,Peter,Herrera,vduncan@example.com,001-945-239-7176,2025-07-25T05:03:52.627971,2024-12-14T03:17:10.426257
ae2ee971-97e3-4dc4-9fc3-34f4fbae466f,Dr.,Connor,Smith,jeremysanchez@example.org,(454)372-1618,2025-03-16T08:24:03.538654,2024-12-06T15:01:12.098285
32aeb2ee-9b6d-430b-b253-d9627cc37fbe,Ms.,Kelsey,Crawford,stanley43@example.org,366-896-3981x463,2025-03-04T04:00:56.820227,2025-08-31T03:19:17.235952
bf95469f-6be1-4a73-925e-c4277a637226,Prof.,Robin,Morales,zjones@example.org,358-300-8067x2415,2024-11-01T12:17:50.856619,2025-04-18T13:32:21.275108
2c94d334-738d-43df-b28a-6051660768a2,Mr.,Tammy,Lee,jessica32@example.net,(837)520-8184,2025-08-02T01:17:07.414474,2025-04-02T16:43:19.111422
cef7aae7-69eb-42e0-ac2f-a8a462df507b,Dr.,Christine,Ramirez,jessica77@example.com,419.574.3944x400,2024-11-05T14:50:47.318269,2025-09-11T16:44:26.493090
ab404b32-caef-4041-b4f0-698102837949,Dr.,Diane,Hall,lloydheather@example.net,636.271.3999x5382,2025-01-19T19:03:37.876896,2025-08-18T12:34:13.086188
a60f6aa1-a30c-4252-8a7e-ed4994562a6e,Mrs.,Tanner,Lowery,gdunlap@example.com,6902177017,2025-01-22T18:12:35.402789,2024-11-22T14:24:28.264185
760449ef-398a-44a0-8f5c-4b746e6d1cde,Dr.,Jason,White,jimturner@example.org,533-747-5924x4500,2025-04-25T12:22:55.829977,2025-03-23T17:18:36.132725
b9a00c1b-5f97-4816-9dd8-38ffd93efc54,Ms.,Rachel,Gross,robertsonangela@example.net,734.395.4316x3215,2025-09-19T08:47:42.026831,2025-10-01T05:04:43.402452
bfcf2fe7-98c0-4622-96d2-640c45c56966,Dr.,Karen,Williams,whitney28@example.com,001-822-500-6220x8913,2025-06-25T09:43:41.608291,2024-12-30T19:15:53.528226
b1e33b41-2922-4bd6-8117-9fb35a91b225,Prof.,Wayne,Gordon,zunderwood@example.com,5334064576,2025-06-15T13:48:30.782858,2025-05-16T13:04:19.694449
296909e7-6b01-4fe8-b9b7-b6f17abfb379,Prof.,Samantha,Crawford,michael93@example.net,(772)740-0947,2025-09-17T05:51:23.236767,2025-02-08T16:58:42.501957
ab2bcd32-d61b-4ac2-bb6d-870a999addd7,Ms.,Nicole,Lambert,griffinkevin@example.com,001-897-858-3653x2321,2025-09-07T12:04:33.705130,2025-08-15T06:59:01.998881
4b25254b-4fd9-4a42-9c13-129b84e3e3b5,Prof.,Justin,Cook,jeffrey91@example.net,598.768.1325,2025-05-07T13:24:30.570838,2025-08-08T05:06:41.249746
78caa21b-0563-4cc6-99fe-7e3acbc03a1b,Ms.,Christopher,Garcia,ysanchez@example.com,7288440048,2025-06-11T15:52:09.441400,2024-12-20T01:18:42.576081
82d306b7-38a8-4649-83a6-d1057d60bafc,Dr.,Michael,Ramos,krystalkaiser@example.org,(209)524-3483,2025-05-16T17:42:40.753911,2025-06-26T22:43:06.691184
3939cccd-e685-4f8b-a17c-f47ce5b0f596,Mr.,Patricia,Myers,jacobstracey@example.net,(714)598-8482x026,2025-05-12T13:05:58.962007,2025-10-22T14:09:39.293703
642af7bb-ae0e-4c83-82fc-a8d82167f833,Ms.,Adam,Miller,andrea77@example.com,+1-959-692-2385,2025-07-31T20:23:00.790757,2025-08-02T22:36:57.781108
9a557d6f-90d2-4e5f-bd44-0fa7e85baa43,Mr.,Allison,Flowers,clinton76@example.net,(956)605-2047,2025-09-10T14:47:40.807078,2025-08-25T18:42:07.725922
ed52e0ff-8915-418f-bfe0-689599eca56f,Dr.,Tammie,Allen,lstrong@example.com,888.394.6107,2024-12-15T08:24:08.251060,2025-05-19T21:14:08.371156
108e600b-c2cb-4862-b42f-8b98b6e3b79c,Ms.,Todd,Booth,marymcneil@example.org,001-714-524-0022x2803,2025-03-18T19:59:30.349735,2025-05-07T22:04:50.498857
a5759a0a-5c11-4109-8b6a-e68d81083139,Dr.,Christopher,Simmons,shannoncruz@example.net,001-981-586-8980x6747,2024-11-06T14:47:23.522113,2024-11-19T11:10:38.058604
d8accc45-246f-438c-9829-74d3cb42d601,Ms.,Cory,Bartlett,foliver@example.net,+1-724-826-5412x0197,2025-02-25T10:26:12.973277,2025-10-23T12:09:16.771324
069bd207-66fc-48c3-8351-4a387ebc8897,Prof.,John,Henry,tommy48@example.org,+1-737-897-1899,2025-04-27T21:36:48.065606,2025-09-14T18:18:01.256271
177eab16-fc6b-49f2-8199-9329b9a82f7d,Mrs.,Brian,Long,vschmidt@example.org,320.363.1496x99849,2025-07-19T03:16:52.334106,2025-06-03T06:14:50.038155
6e6f3871-5b84-486b-b5d3-23e4bb15d5dd,Dr.,Michael,Cole,joshuarivera@example.com,(755)486-8864,2024-11-15T08:31:29.035650,2025-05-14T19:53:35.980761
51a06a4a-1a80-48c3-a7d9-8d1a54bdf7ef,Dr.,Nicole,Hunter,rodneyrollins@example.com,931.811.6715x64322,2025-02-25T13:13:47.339860,2025-05-17T23:50:33.459155
a26d4fa7-14d2-40c8-b7ed-1f334c9f1b79,Dr.,Kristen,Jordan,brettmiller@example.com,351.315.0459x125,2025-01-27T22:59:32.012492,2025-07-14T07:52:36.144386
449984b4-2319-4b33-92dc-a3affeb665f6,Mr.,Samuel,Pierce,joseph76@example.com,5858928085,2025-05-05T16:50:07.872122,2025-09-26T16:59:32.291307
22599e77-d433-4294-9799-5b8612cb3139,Mrs.,Laurie,Cox,mgill@example.org,920-946-0646x940,2025-08-02T03:31:38.486012,2024-11-08T12:07:03.494453
eaae6cc4-8032-4070-90a7-05494a83a9fe,Mrs.,John,Brooks,brockmatthew@example.net,968.561.5081x7712,2025-05-02T15:42:59.316603,2025-10-24T20:25:42.443741
7c22a20e-5898-49f6-ad14-fc5a5ce89cc4,Mrs.,Gina,Brown,rsmith@example.org,+1-791-465-2942x367,2025-03-03T09:39:22.127583,2024-12-11T04:00:02.509925
17e032f4-cec1-40ab-8726-09172f49799a,Mr.,Norma,Hoffman,gregorywhite@example.com,001-872-409-5102x4812,2025-05-07T08:57:41.030222,2025-10-02T02:35:47.857067
83194294-a1b4-4107-8f96-d40471ad3810,Prof.,Joshua,Hernandez,daniel20@example.net,(762)514-7551x901,2025-10-06T17:32:09.278233,2024-12-28T22:02:53.363333
8b3970c5-2345-49f0-9844-88e7a6ba99cd,Mr.,Richard,Goodman,rodriguezjoseph@example.net,3583289034,2025-06-03T12:44:03.994824,2025-06-08T09:38:22.962405
e4c2f499-d5e6-4cb8-8d90-c53469d06e14,Mrs.,Dorothy,Kennedy,bakerlisa@example.org,+1-233-547-9954x56771,2025-09-27T18:33:12.385606,2025-03-25T05:28:43.352062
dadc1082-af72-40bc-8650-ff8a71c610c2,Mrs.,Joseph,Rios,lisa92@example.org,763-341-1004x38380,2025-10-21T13:12:40.217400,2025-02-12T02:31:33.097304
83f91ad5-5291-467c-ac69-ce355b4cad66,Prof.,Vanessa,Pierce,bvillarreal@example.net,760.201.4226,2025-04-21T15:44:47.643272,2025-07-08T22:06:31.089104
b7a20d3f-7a1a-4f12-bc5a-ea945efe810d,Mrs.,Samuel,Martinez,mbauer@example.net,+1-528-359-3419x70079,2024-12-12T20:05:10.817113,2025-06-03T07:50:41.994723
8a4aa039-059f-450d-b884-cb8c1af047df,Mrs.,Samuel,Norton,samuel03@example.com,414-633-4256x30315,2025-07-15T17:34:25.200618,2025-03-22T16:39:09.103072
31fd5a54-6643-4030-b1b5-8d05e5467676,Mr.,Marcus,Smith,lejeremiah@example.net,+1-699-306-5372x1584,2024-12-04T19:17:40.870912,2025-05-29T20:12:59.996404
47a3432b-8af4-412c-96ab-bc39751da2f2,Mr.,Ryan,Nichols,umcconnell@example.com,498-390-7127x24573,2025-03-09T06:13:59.935151,2025-07-22T16:18:47.837793
d5631159-89d4-4925-b5b0-a6be43a5b8dc,Prof.,Oscar,Payne,palmerpeter@example.com,3699831395,2025-01-05T23:06:56.482911,2025-08-28T03:46:51.810613
9e145eee-0734-4bad-9ef2-96c63957da18,Dr.,Kimberly,Gallagher,misty21@example.org,562.302.3283x45290,2024-12-19T16:02:46.241857,2025-09-23T21:40:02.624389
29204394-8ad3-4507-935d-306a18a61690,Mr.,Brandon,Ellison,umcpherson@example.net,233-374-2145x861,2025-04-12T17:22:28.754808,2025-07-04T08:01:31.589273
3615f200-2b70-4227-9cbb-19d420d7434a,Mrs.,Colleen,Mccullough,fmorales@example.com,6987274188,2025-09-20T23:17:29.750875,2025-06-30T22:23:38.831167
c2d5bcfb-452e-4082-9e15-94b9c79852f9,Prof.,James,Lewis,christianross@example.com,295-218-7545,2025-06-06T11:12:34.153649,2025-09-13T13:01:45.841919
445713db-4215-4958-ae9e-9e1c926a20d1,Ms.,Roy,Walters,edward42@example.org,(753)787-4768x43494,2025-06-18T13:55:03.195558,2025-09-27T20:14:03.401575
6b0d838c-870a-4555-b2f5-f8a9d9d87997,Mr.,Chad,Rodriguez,graydennis@example.com,(262)292-5267,2025-08-23T18:20:49.992603,2025-05-27T00:01:15.858619
3d993b15-c413-4886-b3fd-668cc288a380,Mr.,Austin,Powell,victoria02@example.org,580-589-9147x86234,2025-03-01T14:18:29.975814,2025-04-18T05:19:20.140032
12e1d6de-c97b-486e-a98b-a5cd4360945f,Ms.,Donald,Russell,jacqueline61@example.com,502.796.7434x9372,2025-10-03T01:58:21.887588,2025-10-14T07:27:41.719945
1fe2edb7-0202-4d7e-af0f-190cfc4713a5,Mr.,Toni,Simpson,christinagarcia@example.com,734.515.9474,2024-12-04T23:42:19.812871,2025-08-27T09:45:14.096768
6e981a29-b8fa-4670-9a5c-048bc0fd3aed,Prof.,Brittney,Leonard,williamwyatt@example.org,317-637-6208,2025-06-17T11:52:19.926531,2025-03-17T08:39:41.300006
25272cdc-cfa5-409d-a5f9-b4784a29c89d,Mr.,Ryan,Anderson,lallen@example.org,815-817-1289x795,2025-01-18T21:18:33.966290,2025-04-13T04:57:18.756002
1a4ba49c-0f70-4080-8fa7-c1e4addab44d,Prof.,Tyler,Manning,garrettjessica@example.net,225.998.0559x44909,2025-08-23T16:10:19.167378,2025-04-30T14:50:56.819341
2fbb91d4-2ec0-42c8-bbb8-efe508a848e6,Ms.,Amanda,Kelley,joshuasmith@example.com,001-381-705-3094x5855,2025-09-01T19:33:15.330737,2025-03-28T13:32:03.313056
7abd4b51-e828-41ca-b4f2-9f3963cc7c53,Mrs.,Seth,Santos,icontreras@example.com,+1-899-332-4428x2161,2025-03-27T04:31:55.228831,2025-03-14T03:05:50.759204
cc437e7b-f79f-488a-8f02-8bb4d5799891,Prof.,Alyssa,Smith,haley85@example.com,347-997-1797x1427,2024-11-14T14:08:49.444371,2025-04-26T01:21:21.767302
98eaa52d-f7ed-4cb7-9a5b-fca1402faf5d,Ms.,Sharon,Contreras,umitchell@example.com,579-338-7133,2024-12-03T14:05:07.057203,2025-06-19T05:06:24.735905
380c1144-e948-4dc4-b1af-131f12b98ac9,Prof.,Tanya,Anderson,richard62@example.com,990-862-0441,2025-07-13T02:07:56.942526,2025-03-23T15:37:32.181194
d003651e-939a-4e78-b768-0c28e0030585,Ms.,Tina,Lewis,johnanderson@example.org,(407)557-3655x4136,2025-03-08T22:32:44.680561,2025-03-25T10:17:52.218199
584bcc2c-e645-431a-ab82-1b4d6641288f,Mr.,Richard,Nguyen,ann65@example.com,420.319.9309x64628,2025-05-02T21:57:23.619044,2025-05-18T10:57:05.019041
84b34424-913f-4912-9147-70e925a79725,Mrs.,Ralph,Morris,jonathansmith@example.net,(252)419-9594,2024-11-28T08:38:34.200286,2025-07-08T23:22:53.555509
aae27b03-6e53-40c3-abc6-12da66d58079,Dr.,Erika,Gutierrez,cbonilla@example.net,(627)480-5232,2025-06-14T20:20:21.649040,2025-09-16T23:49:39.867013
d63cc0e0-135a-4857-a477-1121483e8494,Mrs.,David,Mccarthy,alexander10@example.net,+1-207-970-6488x6448,2025-04-29T08:58:49.533180,2025-06-22T18:15:21.479757
59f10136-bdf4-4d26-acf1-518a3b1a0759,Dr.,Rebecca,Kane,uchaney@example.org,979.580.5849x26203,2025-02-22T16:09:14.289645,2025-09-04T19:51:26.459142
cec8120a-57bf-498f-ae5b-03fdf7309441,Mrs.,Bobby,Miller,ezhang@example.net,(998)647-5623,2024-12-09T15:33:21.555253,2025-01-26T07:07:55.455537
41ba0972-0b91-4691-98be-80ee45e78855,Dr.,Chloe,Long,lthomas@example.net,5192533628,2024-11-23T16:58:02.562504,2025-09-15T04:04:20.591761
a3c26327-d202-4a51-86cf-ba121e4f2c2a,Ms.,Jacob,Stevens,james22@example.com,486-448-7162x05537,2025-09-15T20:07:13.215792,2025-07-13T12:41:06.722068
144969d6-b694-4bc3-944f-97b5472bca66,Mr.,Daniel,Vasquez,johnsonkyle@example.net,001-232-744-2751,2025-10-10T20:39:36.527920,2025-06-23T19:32:41.111370
b5dde407-c044-4919-88e2-128e3d52751b,Ms.,Angela,Wade,rodgerschristopher@example.org,681.239.4239,2024-11-28T21:41:05.641156,2025-03-09T20:36:18.513921
12c7b0be-e4c5-47e1-a6ab-75128cfdcf6f,Mrs.,Sabrina,Coleman,brownkatelyn@example.net,+1-677-792-8682x5870,2025-05-04T23:02:13.463677,2025-09-04T23:13:49.719227
6c104fe0-20b6-44e2-afbb-305c3de00be1,Mr.,Robert,Matthews,martinezjon@example.org,2409450129,2025-06-20T17:20:33.473788,2024-12-25T08:38:18.821332
6ec14e31-bdc5-479f-930c-6a95f04f5ec9,Mr.,Robert,Simmons,johnny57@example.com,744.808.0789x026,2024-12-10T07:38:16.225453,2025-06-24T07:23:40.372090
e8a802e6-f17e-4bf6-8be7-7e4fced55bbd,Mrs.,Christy,Kane,walter83@example.org,(723)806-7724x5818,2025-08-09T09:11:28.217236,2025-03-04T09:22:52.327063
be80477f-e72a-4715-b6dd-e2e33478e8d1,Mr.,Stephen,Merritt,aaron72@example.com,(300)855-2319,2025-06-12T11:13:18.058202,2025-08-13T06:07:32.602060
34ceb4ac-6002-49e6-83f4-7311555a2abd,Dr.,Jason,Matthews,srobinson@example.com,202-411-5717x01031,2025-02-17T16:59:55.937741,2025-02-09T14:42:45.902800
9817278c-c408-4079-9185-d6cc28455b20,Mr.,Benjamin,James,virginianewman@example.org,+1-757-423-5278x374,2025-03-29T06:03:25.739331,2025-02-05T06:16:14.834825
0ab502d8-a015-4c0d-82c5-e855a3d2b609,Dr.,Justin,Harris,andrew53@example.com,(238)808-1572x9818,2025-01-01T07:00:51.524123,2025-02-07T04:17:23.855906
062b131a-00a3-4e54-8ed8-19de3954746a,Prof.,Jennifer,Kennedy,stacey99@example.net,868.834.2490x122,2025-02-28T19:56:49.211127,2025-09-11T14:10:52.581804
1d5a12ff-1b0a-4fa1-9470-35220ebe122a,Mr.,Kyle,Cook,mark12@example.net,001-224-440-3552x17359,2025-04-09T16:17:06.175580,2025-09-20T23:40:56.200905
e3dc979f-53ed-42b0-953c-ee50d9052116,Mrs.,Justin,Shields,cassandrasimpson@example.org,001-299-879-4569x446,2024-11-09T20:57:44.486556,2025-04-25T03:12:04.844609
5afc86e9-34c7-4a1b-9c9a-a219db60b7b7,Dr.,Paul,Stewart,nicholassmith@example.org,918.677.6039x96471,2025-03-03T16:57:33.079650,2025-04-13T05:55:09.731520
ea2e914b-bc8b-4a9f-b36f-83118f0f6956,Prof.,Sarah,Smith,carol81@example.org,366.535.1714,2025-09-29T03:24:51.684302,2025-05-16T15:10:34.584139
e53d24cd-560d-4e9c-ae0c-b69ac811a9e3,Mrs.,Christine,Humphrey,richardscott@example.org,926.336.0530,2025-03-06T06:06:49.408633,2025-08-05T23:33:31.318784
0c77f35d-af85-49c8-90f9-3c0375fd7488,Prof.,Jessica,Lee,francojennifer@example.net,6976442235,2025-04-29T03:23:33.994795,2024-11-21T14:14:45.491820
e196f4ae-bd09-46d3-8647-eb4709f007ce,Prof.,Brian,Elliott,robert82@example.org,646.318.5003,2024-12-23T17:56:43.384041,2024-12-05T16:11:59.130504
f876c37a-bd4b-4e8e-a7ba-88ca5b18eab9,Prof.,Sabrina,Johnson,martinnicholas@example.com,(537)601-6688,2025-01-18T06:35:40.039278,2025-06-14T14:22:54.096330
dac24733-3749-4d03-8d25-c2aacd99c1a5,Ms.,Rebecca,Brooks,aparks@example.net,(753)578-3159,2025-10-13T17:45:21.030677,2025-03-17T04:38:07.103829
e3f13e2c-203c-45cd-ab34-70cd756e40a7,Ms.,Christopher,Henry,ronald83@example.org,8175012913,2025-07-26T20:04:33.030590,2025-07-25T03:04:34.990956
ec12b294-0be8-42c4-88dd-5eab69556264,Prof.,Adam,Lester,timothy02@example.org,(819)353-9515x56619,2025-06-06T05:37:48.826261,2025-01-23T07:46:23.536250
8b0ee112-1876-4856-be52-5551f48d8af8,Mr.,Amy,Martinez,robertcooper@example.net,285.448.0131,2024-12-30T14:04:17.681513,2025-03-11T13:23:54.538178
2f65bccc-67d8-4ea7-8e0d-c99a8d42fb19,Ms.,Samuel,Gaines,brian73@example.org,921-639-0042,2025-03-28T19:19:26.484391,2025-04-20T10:39:06.947828
a57a58d0-eaa0-476c-8322-ef2c6dac3f95,Mrs.,Jason,Simpson,lesliecontreras@example.com,+1-525-952-8515,2025-09-13T06:18:51.472171,2025-06-09T03:21:01.245866
6b67d277-5ee2-44fd-86c6-de0e81ea0347,Mr.,Thomas,Chapman,daviddoyle@example.com,+1-591-338-4263x415,2025-01-16T07:05:29.323510,2025-07-09T16:35:50.913651
345a47d1-fb64-4c87-bc9d-89cabfd7d6c0,Prof.,Thomas,Hansen,dorseyannette@example.org,(238)603-6199x5437,2024-12-03T13:27:44.040981,2025-10-06T15:16:34.819752
191722d9-f8ba-4348-80aa-3f8b15d56295,Mr.,Rachel,Carter,gbruce@example.net,(950)378-7472x759,2025-06-18T17:43:42.354692,2025-10-05T00:50:28.820216
66d48d30-ff71-468c-ba47-3a336ce3e470,Ms.,Michelle,Solis,walkerstacey@example.com,001-692-606-3315,2025-07-09T09:19:22.607297,2024-10-31T03:16:44.917858
3a97ce1b-83fb-44a3-b93e-1e5439c7b1f8,Prof.,Deborah,Hendricks,taylor98@example.com,684.657.2868x44434,2025-05-08T16:58:20.690194,2025-10-06T00:38:28.686654
d7285679-46a9-4756-922b-7f3d4a2234cc,Ms.,Jordan,Williams,benjaminsmith@example.org,980-760-3634,2025-04-23T03:53:51.155106,2025-08-18T11:17:01.170503
f5926855-4c01-4959-ac42-57afc6dcd301,Dr.,Christian,Pena,harringtonalicia@example.net,+1-571-710-9984,2025-06-04T00:31:49.029777,2025-07-07T20:18:21.528957
a306e5bf-b9b8-44e4-8ffb-df860427dff6,Dr.,William,Zimmerman,william38@example.org,001-874-307-3600x232,2025-02-11T08:29:30.512404,2025-10-22T08:44:44.946008
67663fbc-c444-4cd3-9402-a9f54811908a,Mrs.,Luke,Jenkins,russelljoseph@example.net,634.390.3148x8490,2025-08-13T17:30:06.410089,2024-11-27T09:23:59.460987
301aac4c-371c-458b-84ca-49e033bc95da,Dr.,Thomas,Gomez,odonnellwilliam@example.com,6209970340,2025-04-19T10:05:38.960430,2025-05-30T19:20:19.192637
b5acda31-dc5c-47d0-bcb2-0ce6f5a1b69a,Mrs.,Michael,Rubio,xgray@example.org,758-609-6505,2025-03-03T01:51:51.484833,2025-05-07T09:19:27.160011
298cd4c0-9785-4a96-b435-6d7492ea0982,Prof.,Yolanda,David,michael74@example.net,225.590.3142,2025-06-12T10:22:38.912036,2025-01-10T21:33:18.468495
6bd2ccb5-3eda-4b75-91e5-91ec6ddc8892,Mrs.,Karen,Davis,nwilliams@example.org,+1-886-866-5387,2025-10-15T15:30:25.527689,2025-04-12T14:41:37.739967
21dc1a67-a674-4ad4-9aee-3e2001cd8640,Dr.,Christopher,Palmer,ojohnson@example.com,+1-842-637-9216x59274,2024-10-29T04:15:38.735017,2025-10-11T02:34:36.976625
53d3b68b-dae2-4bbc-8fd5-803fabd7d6af,Prof.,Jessica,Snow,michaelfoster@example.net,(262)767-7895,2025-10-12T14:19:30.243314,2025-01-17T10:41:02.740816
d8552bd3-482a-4bfe-bca2-267aa81c25df,Ms.,Julia,Lopez,omyers@example.org,001-514-482-1956,2025-02-17T15:16:20.446636,2025-02-24T15:20:37.131549
9960a68a-fb13-45ef-a79e-a2e8c9c96bea,Mr.,Eric,Daniels,darius72@example.net,(590)267-5487,2025-02-10T05:01:34.577782,2025-02-04T07:03:47.786361
afc51a24-ca49-42f6-97f5-9e56ee83bbc5,Ms.,Jamie,Combs,johnnywallace@example.com,+1-357-952-0065x28950,2024-11-25T09:48:42.937845,2025-05-04T10:38:45.922311
e3c3b117-14bc-4bfb-b8d1-89d742dc30fc,Dr.,Kevin,Cruz,wagnermatthew@example.net,737-865-7585,2025-04-04T12:18:02.082260,2025-08-13T04:43:17.558363
0e27921d-2dce-4d0e-b260-0ef0113f2bc7,Prof.,Brittney,Cook,michaelgross@example.org,401.635.2530x9210,2024-12-01T01:32:27.348662,2025-08-19T08:32:21.852707
96e53086-aeec-43cf-8d57-0ae587b88fbd,Mr.,Todd,Lynch,scalhoun@example.org,554-338-8022,2025-05-04T00:04:44.750385,2025-10-11T12:08:50.439263
9a12b0b0-a0a6-4af7-b0e3-becd6afa01d1,Mr.,Evan,Marshall,holly53@example.org,(932)959-4120,2025-04-01T10:28:37.826509,2025-09-08T07:20:48.234369
2e03a477-083e-491c-afb7-ab9fc320e613,Ms.,Edward,Colon,crystal03@example.net,710.642.5087x933,2024-12-04T23:29:22.031404,2025-05-20T03:03:01.360837
d405701b-ed1c-43b2-b90f-296a949b6cf5,Prof.,Shawn,Jordan,kellynicholas@example.org,(997)664-1197,2025-03-27T02:01:16.028006,2024-12-08T01:20:20.279723
f2a7684c-0e95-4254-bed4-dcb93d26c572,Prof.,Robert,Duncan,hollystone@example.com,(714)315-4634x7646,2025-04-04T10:05:09.631692,2025-03-06T11:08:13.076657
cf3bdadf-b099-46bd-a217-e8edb4d3522e,Mr.,Kimberly,White,wumatthew@example.com,001-330-404-8433x9613,2024-12-12T22:32:26.107597,2025-05-28T10:13:36.290617
1e005bf0-bace-49e1-876f-a09154c87b53,Prof.,Michael,Klein,shannon89@example.net,539.915.7135x8493,2025-06-29T07:35:17.755247,2025-08-15T23:55:49.312228
35d0da92-2df0-4a96-ae2c-0d00ac1c2f67,Mr.,Matthew,Johnson,salasjoseph@example.org,(750)642-3990,2025-04-01T05:44:42.551894,2025-05-07T15:13:47.330218
712936ac-7d94-4d40-ace6-3ec36834d692,Dr.,Sarah,Hale,murphyblake@example.com,719.873.6615x31055,2025-08-22T15:21:12.034776,2025-03-01T12:28:58.293355
963e5fca-0568-4e63-98a5-377218c50969,Dr.,Jeff,Armstrong,tina32@example.net,001-743-904-9690x0878,2024-11-16T08:53:35.383263,2025-06-07T18:59:47.877892
f254656b-71b9-4559-a501-3ae1924fe537,Ms.,Sean,James,dcarpenter@example.com,+1-281-551-2354x6329,2024-11-15T13:03:38.704291,2025-08-26T16:49:59.670263
f3cef6ca-41df-4bf8-859a-d0556d57c6dd,Prof.,Bryan,Wright,bergerwhitney@example.com,780.212.0724,2025-06-30T21:26:57.343789,2025-03-20T11:32:44.482252
bd937ab7-0c14-4e48-9505-22c20036c59d,Mr.,Michael,Clark,brian94@example.com,+1-530-855-5827x82853,2025-03-14T13:47:20.707752,2025-04-29T04:44:31.227233
4a484317-195e-45fe-82c7-8f1cd74ce808,Mrs.,James,Parks,karen43@example.org,(937)493-2948,2025-06-19T13:01:39.812189,2025-06-03T22:36:14.958884
08282c04-6da0-42f6-9211-85eb69fe898b,Mrs.,Scott,Thomas,mwilliams@example.net,(421)494-2036x4824,2025-10-26T09:22:43.840494,2025-09-05T14:30:33.258063
2dbc2a17-bcbf-43a7-ac0d-bbf709d252d4,Dr.,Vincent,Elliott,wwalton@example.com,257.211.2994,2025-10-28T09:49:36.197478,2025-03-28T02:17:49.151548
42e392cc-351e-4254-a60c-acb7bbe9ebd1,Dr.,Betty,Jackson,jeremyortiz@example.net,784.974.2220,2025-08-29T23:23:22.950850,2025-08-16T07:39:20.641841
69efaf7f-79a9-4777-81d8-d1dfd44deb78,Dr.,Brandon,Herman,garybailey@example.org,848-689-2725x6409,2025-07-17T19:37:02.358522,2025-08-31T03:43:24.262565
05888b85-410b-4286-8bea-d121531cd65b,Ms.,Elizabeth,Moody,psmith@example.net,3399510366,2025-03-16T12:05:33.914917,2025-10-02T13:50:15.742162
e9808ecb-19b3-4225-941f-50dc59dbca26,Prof.,Karina,Alexander,schaeferzoe@example.net,+1-663-398-5223x83817,2025-08-22T09:15:04.554110,2025-09-28T04:19:29.459493
dca442c2-a9c7-41b2-b1b8-5614dd88f1bf,Mrs.,Molly,Saunders,mmartin@example.org,+1-788-855-7609x35983,2025-05-02T16:50:05.034653,2025-03-27T06:42:15.845201
a63a07d4-326b-4647-a6ea-598dcd611623,Mr.,Scott,Richards,hernandezrobert@example.org,001-514-240-7210x17403,2025-01-22T19:15:22.659660,2025-09-10T08:44:08.798202
6b7e5b99-4f02-4bf1-b47d-fd303d89975e,Prof.,Kelsey,Montgomery,fcobb@example.net,+1-761-923-3381x375,2025-07-24T14:45:42.608483,2024-10-31T06:54:04.372423
fc5238d5-c684-4483-8956-b1fb816bf54a,Mr.,Brandy,Shaw,afernandez@example.net,9306440325,2025-05-23T04:50:50.974767,2025-07-21T10:26:05.326535
a2bcb6eb-47fb-4dd3-b197-e3be2efb18f9,Mr.,Anna,Davis,edwardsjessica@example.net,+1-258-511-8937x148,2025-08-20T05:56:49.820704,2025-03-12T15:04:41.688157
192e3042-1f55-4af3-8c17-9c514eeb713c,Prof.,Nathaniel,Walker,palmerjames@example.net,848.780.2351,2025-05-23T01:17:08.344366,2025-07-17T17:26:04.085938
ca11277e-adcc-4644-bfb6-0cf757e9525b,Prof.,Kyle,Cook,byrdcharlotte@example.net,763.511.8236x0782,2025-05-02T02:22:31.541050,2025-03-01T13:46:59.009136
c986b6fe-b485-486f-9fb6-3e1a12a990c8,Prof.,Laura,Oliver,ericbutler@example.net,912.542.5592x2435,2025-03-28T13:25:34.083297,2025-05-09T19:56:09.591265
daf2cfea-72dd-4e7f-b289-c6529de2d14d,Dr.,Daniel,Williams,yrivera@example.org,405-940-6486,2025-03-23T02:58:12.976766,2025-04-28T21:35:55.445668
78f4d0f3-e215-4ca1-9d8a-2ac96573eebd,Mr.,Amanda,Dawson,sara53@example.org,223.277.9294,2024-12-19T15:10:28.656263,2025-10-21T04:00:29.361166
e5873b6e-b827-4fb5-89c6-ec00f5003ea6,Ms.,Tiffany,Perez,monica90@example.com,269.832.0468,2024-11-02T23:46:41.873503,2025-02-25T12:26:37.506165
893683cc-1ad0-4aac-acc3-12a1e99cb369,Ms.,John,Harmon,arthurjohnson@example.net,(718)823-6423x91005,2025-04-15T00:49:27.627534,2025-10-08T14:08:47.137862
c6fc90de-324d-40d6-a9dc-3747ea88f35d,Dr.,Bryan,Gillespie,jessicaprice@example.net,634-254-6237x2664,2024-11-12T14:38:19.912349,2025-02-07T06:33:17.596005
5024122b-f073-47cb-8607-b3692b623630,Prof.,Casey,Mcclure,respinoza@example.net,2238698722,2025-02-27T13:19:01.028173,2025-10-09T16:40:30.277874
5d16ffbb-a975-402c-8ae3-0204668c807b,Mrs.,Steven,Sweeney,wblankenship@example.org,574-261-2245x045,2025-08-03T06:32:43.258651,2024-11-10T22:42:35.092309
7899d466-2a29-4499-ae54-576d78d0b157,Ms.,Scott,Howard,melissadavis@example.com,3385245959,2025-03-12T11:28:46.615581,2024-11-23T15:06:27.299143
775d4c98-82b8-42f4-8a9b-cfedcabba678,Ms.,Cole,Gill,jimenezjaclyn@example.net,902-336-3158x101,2025-09-17T12:19:38.306118,2025-01-12T20:02:54.028380
3b1c5465-980d-4570-b55f-11bd70e0098b,Dr.,Thomas,Russell,april33@example.net,+1-468-537-6308x25007,2025-08-23T20:48:43.918416,2025-08-12T17:59:27.347438
a3ed56bd-e1ef-499d-9c43-66189757605f,Dr.,Felicia,Ward,jimmy58@example.net,001-911-501-4371,2025-05-02T03:03:33.889939,2025-04-10T14:03:24.841621
6f6c1ec6-5c35-43dd-8716-395b5ed02393,Dr.,Robert,Buck,caitlin63@example.com,398-259-3564,2025-09-23T18:43:19.040895,2025-02-02T04:17:10.656892
2b1bf2a6-48ac-40c6-916e-3a8b65e5ac12,Mr.,Sara,Dalton,garzavirginia@example.com,4975493874,2025-05-19T15:11:45.057754,2025-09-15T16:49:03.376047
363b2002-3ae4-44ed-94c1-4a4a359a29a1,Dr.,Dorothy,Norman,leslie31@example.org,+1-766-785-3041x472,2025-08-13T21:36:51.609630,2025-05-03T15:52:13.517469
76d8d824-0ef2-4217-96bb-5e011120e74d,Dr.,David,Harvey,qhall@example.org,267-541-0488x3540,2025-03-07T23:28:31.339438,2025-10-25T17:56:21.400897
6ec2e3aa-ac21-47b4-b8d4-1e48588275f9,Mrs.,Edward,Thomas,holdennathan@example.net,822.239.6284x749,2025-07-09T08:20:41.666742,2025-10-27T08:51:10.116841
ffe998cd-5ee4-4d67-9f39-ad2628cb3194,Mrs.,Todd,Le,mrojas@example.org,823-266-3260,2025-01-04T23:06:37.999034,2025-01-18T08:29:03.460370
25ccfef3-2728-4088-9287-623a15738f49,Ms.,Denise,Davis,paguirre@example.net,(633)665-6835x448,2025-02-07T17:53:20.738332,2025-05-14T20:16:48.487608
3d2c65d6-4f33-4c7b-83ad-bc4562d98caf,Prof.,Kelly,Braun,andrewjohnson@example.net,(681)248-8633,2025-08-29T01:10:48.511612,2024-10-29T09:02:16.821062
a06236f5-d219-4817-a34c-0c85c8a8c564,Dr.,Michelle,Oneill,kylegood@example.com,(976)847-8511x2979,2025-08-15T20:36:01.214929,2025-07-25T16:44:04.637744
f22d38f0-dce6-4384-a3de-1bfabe5dd951,Mrs.,Richard,Jones,wardjulie@example.net,861-342-7597x062,2025-02-24T10:44:17.746301,2025-03-15T17:24:48.068900
a9c5531c-6685-4cde-857a-32b93e033a81,Ms.,Christine,Winters,kevincarter@example.com,432.921.0213x5619,2024-12-09T14:22:14.571500,2025-07-01T06:34:29.463257
18bc927c-96c3-4dc1-938a-799569e34588,Mr.,Amanda,Wheeler,qhaney@example.net,(276)661-9202,2025-05-14T15:25:58.432393,2025-06-07T04:37:28.698745
71f5f037-cbc9-479b-8179-e4ff1349dbc6,Mr.,Maxwell,Morrison,bmorris@example.org,514-512-6280,2024-10-31T05:14:41.641968,2025-03-16T13:30:24.318761
60c5fdda-5213-4d9d-925b-c3d1982028ac,Prof.,Todd,Anthony,prodriguez@example.net,7804905129,2025-02-02T12:34:25.445247,2025-02-02T06:58:06.156443
1a09e361-11e6-4d86-80b0-9a63cbfce84f,Mr.,Brenda,Garcia,wtaylor@example.org,532.967.6054x866,2025-03-12T22:29:48.986339,2025-01-12T18:31:23.767290
d19b61a8-fb00-45ec-bb30-4690d9928ed9,Ms.,Carlos,Ortega,jessica02@example.org,987.952.6844x2636,2025-10-12T16:38:00.306866,2025-05-30T11:22:53.395780
241c4154-e2b2-4179-8394-638f867a8a25,Prof.,Kimberly,French,melissasaunders@example.net,903-780-1228,2025-05-26T07:29:45.540596,2025-06-22T04:42:40.333037
3a959bed-4347-4267-9c19-6302ecf98c1a,Prof.,Gerald,Bradley,xbeck@example.net,574-258-9735,2024-11-12T07:25:54.668843,2025-01-19T20:32:51.587169
68c3f9cf-a113-4eaf-9cdc-8dcc5419ee3a,Prof.,Steve,Gaines,keithfreeman@example.com,(938)595-2541x2865,2025-03-10T10:21:13.763555,2025-06-18T13:41:05.060373
9b0fa686-1b31-4923-9f89-1952714a4fc7,Mr.,Jonathan,Khan,maydaniel@example.com,(356)856-8224x7715,2025-01-24T17:39:15.018257,2025-08-28T17:20:15.076113
dbd6692f-1f60-4a80-99b0-9c7a86a24440,Mr.,Stephanie,Carey,tammie45@example.net,+1-839-230-6726x7882,2025-05-08T03:03:06.828098,2025-01-02T22:54:47.452459
b2fa5b8e-25be-496b-9041-0c5dba171ade,Prof.,Amanda,Jones,bergrebecca@example.org,700-463-9098x754,2025-02-04T21:16:52.832581,2025-09-23T17:10:49.196686
c3acdca4-c03c-47ea-8771-ace20f5173f1,Ms.,Isabella,Gomez,leslie18@example.org,840.723.0386x599,2025-08-28T03:57:00.555707,2025-09-21T19:44:57.080267
c13f5d6d-d956-4ca9-8168-d6cbc81aa798,Prof.,Shelly,Cooper,msanders@example.com,(644)738-9367,2025-01-23T18:18:44.508621,2025-07-28T21:12:53.910997
f32bc49a-0b3a-49d4-82c3-4ee65357ba92,Ms.,John,Mann,sandersanthony@example.org,+1-425-414-8944x22388,2025-08-10T07:37:13.047654,2025-08-29T00:53:29.118362
ff3cbaa1-ba07-4562-aacf-df3fe3ba9736,Prof.,David,Johnson,wcarson@example.net,7855164399,2025-10-13T17:11:04.730974,2025-02-22T07:28:07.607502
8c9bbce6-5730-4995-8a8f-72b80b75b843,Mr.,Danny,Black,daviddavis@example.com,001-959-413-5687,2024-12-31T11:33:14.725971,2025-10-02T22:15:04.663588
82c4fe85-77e0-4897-9374-20f2ef915eda,Dr.,Thomas,Snyder,davidchang@example.net,238.558.5496x25013,2025-09-08T16:21:44.682566,2024-11-01T02:22:51.089631
c6a3c891-5de1-4ec6-8424-2cbcb94f45ff,Mrs.,Andrea,Gonzalez,hudsonbrandy@example.com,+1-853-324-1137x17743,2024-12-08T17:23:23.237603,2025-03-24T11:51:32.038468
f19bc9aa-55c8-4a18-b07a-7e73da250f38,Prof.,Kimberly,Taylor,tylerfranklin@example.net,615-929-0006,2025-07-29T14:50:59.725653,2024-12-18T18:45:21.664213
e1221b7e-fe1e-4deb-91fe-4e5ac8ed2669,Ms.,Nicholas,Brown,gphelps@example.org,001-784-915-5872,2025-04-30T08:46:15.636744,2024-12-15T08:44:54.315761
dcf57570-4985-425b-8430-bb563c903863,Dr.,Sara,Scott,michael01@example.com,(758)262-0142x56761,2025-10-28T18:53:51.874552,2025-07-15T04:42:53.525006
cb9a207d-3084-4c21-a4a7-475e1f309652,Prof.,Nancy,Joseph,jessicawalker@example.org,985.652.7086x2985,2025-01-19T05:26:44.822079,2025-06-09T10:06:50.442018
31eca613-fd54-4f4e-82f7-537a1a9c2336,Ms.,Zachary,Lindsey,eclark@example.com,390.496.4702,2025-07-28T06:31:59.782461,2024-10-30T10:59:37.482165
ba43025a-8d1c-482d-b8c7-e9cb5fd660d1,Prof.,Victor,Sanders,csullivan@example.org,577.250.5015,2025-06-29T22:49:45.702445,2025-08-28T21:14:09.044629
b6f0f64e-3273-4b8b-91a7-8b044a1c3364,Ms.,Andrew,Mills,garciaerika@example.net,(287)623-0725x19871,2025-06-03T04:21:51.284781,2025-07-23T03:39:32.114929
904943b3-ffcb-4523-ac66-52eceeee384a,Dr.,Pamela,Winters,rodriguezjessica@example.net,(660)230-7496,2025-05-08T16:06:42.692745,2025-03-17T13:54:33.490196
64371eb3-c4e6-4738-87bc-97f10849c588,Mrs.,Jeremy,Martin,anita57@example.org,001-917-970-9033,2025-09-07T18:06:05.977143,2025-01-12T03:30:30.975350
d36ca106-1125-483b-a893-beaf6ab6f951,Mr.,Paul,Hall,bspears@example.net,001-984-563-6674,2025-02-05T21:31:23.191590,2024-12-14T14:09:05.757193
f0d98197-af64-4a6e-8471-3b10f799e539,Prof.,Melissa,Moreno,sloananthony@example.net,481-825-8989,2025-06-22T19:54:55.609573,2025-09-25T23:59:29.061033
c673e4dd-685c-4e30-8afe-a1b551e24662,Mrs.,Richard,Hernandez,matthewtorres@example.org,9366475438,2025-03-07T22:41:36.216009,2024-11-11T10:34:28.759915
d792afbe-6eaf-4026-81c4-e5af04d6f607,Ms.,April,Dudley,colleen04@example.net,001-763-375-8683,2024-11-21T10:30:04.350330,2025-01-14T04:11:46.280991
3b870489-983d-46e7-a752-65865204c114,Mrs.,Rita,Brown,johnsoncarol@example.com,823.532.7794x7698,2025-04-20T05:12:20.289293,2025-04-02T03:17:17.452604
b1651c5e-d976-4bcd-b074-a4f8d840ed0b,Ms.,Sarah,Reynolds,watsonronald@example.org,483.405.7590x217,2025-03-31T19:39:12.730050,2025-02-13T01:05:09.304106
71db0aff-41e0-47e4-b894-5565cbe9a80d,Prof.,Carla,Sanford,loganjohnson@example.net,3135542011,2025-08-07T06:16:06.352173,2025-09-09T23:48:20.728503
cc8f505b-268f-435e-9d34-f85b83c0e1ba,Prof.,Paul,Reed,davisgary@example.org,765-630-9872x83190,2024-12-26T05:25:51.423809,2025-02-08T14:29:18.505628
23ce2ee7-56e2-4bd7-a61b-2e1b43138f86,Ms.,Jill,Contreras,antoniosmith@example.com,(654)710-2039,2025-04-17T03:13:22.189507,2024-11-28T13:21:51.986314
21c188c9-d079-47b8-b4b0-9a9e1c9fdd85,Mrs.,Allison,Gay,david41@example.org,+1-341-771-4687,2025-08-04T21:24:42.992303,2024-11-11T15:25:57.669515
fe0351c6-c961-4b7f-8468-7742c24bd586,Ms.,Michael,Romero,nchang@example.org,+1-311-472-7052x4785,2025-07-19T12:36:24.474994,2025-06-11T03:02:32.895831
6931668b-6c63-4380-acf8-e3fd65180f37,Dr.,Gregory,Atkins,adamfernandez@example.net,+1-423-988-3128x8037,2025-04-04T21:01:45.737260,2025-04-12T22:28:17.649299
01e61389-1a6c-4ff8-9b0e-7cda6ed29cbb,Mr.,Elizabeth,Cameron,diana11@example.net,521.327.8189x470,2025-10-20T19:07:36.429334,2025-05-08T07:27:12.563245
9e180a5c-7318-4282-badc-4aa712f3851e,Ms.,James,Chapman,kellydavid@example.com,001-282-278-0697x78648,2025-10-21T18:51:10.587214,2025-06-14T09:26:56.697356
7c48f525-86fa-497a-841c-7bcb70e76724,Prof.,Dylan,Becker,jacobherrera@example.com,422-675-2617x4634,2024-11-01T19:15:05.429267,2025-05-28T21:42:50.415021
e00f2428-1174-42c7-8062-8c67681461de,Ms.,Michelle,Jones,ruth61@example.com,746-838-9487,2024-12-18T04:15:18.957214,2025-07-20T05:58:15.390874
845a0063-aad9-4593-94a7-f8d2d7664c7f,Mrs.,Jeffrey,Nelson,travis12@example.com,346.394.5765x35028,2025-10-13T11:38:15.504892,2025-07-18T09:32:57.816488
1bac72f5-1c16-4491-a975-cfd36c723eac,Ms.,Roy,Hill,johngrant@example.com,+1-759-934-6457x67036,2024-12-11T04:18:30.862676,2025-10-29T02:14:47.890440
9bae666e-cd3f-4015-aa96-49292689ae7a,Mrs.,Dominique,Robinson,fwilkins@example.com,669-423-1229x69750,2025-09-24T04:49:19.337523,2025-09-24T08:20:21.950456
0c6b57c6-f55c-4ad2-8b48-091de31c47b6,Mrs.,Jennifer,Gomez,stacy83@example.com,478.888.4124,2025-07-19T05:24:08.411547,2025-03-27T10:45:48.041082
cca93002-6810-4b36-8c7c-dc89c2779b28,Mr.,Bianca,Lopez,deannagomez@example.net,239-636-0367x7428,2025-01-24T21:31:36.174608,2025-10-22T04:20:09.301374
92482d26-3df7-42d2-b4ce-4db55bcb60e6,Ms.,Tracy,Kelly,ruiznicholas@example.net,+1-553-588-9510x562,2025-08-26T15:14:23.307405,2025-08-03T14:04:10.160324
336383dd-150e-460f-b6a3-6359d99cbdfb,Mrs.,Alan,Singh,smarshall@example.com,6369705833,2025-04-03T09:13:19.219235,2025-01-08T17:45:01.598026
89757fa0-4fe7-42c2-84e7-f432767cbd0f,Prof.,Kimberly,Harrell,porterdylan@example.net,218.256.0099x79202,2025-10-03T04:33:31.272778,2025-06-10T21:50:14.665063
7afac625-b237-4feb-ab33-d505a4590685,Ms.,Arthur,Parker,johnwatkins@example.net,250-391-0589,2025-02-13T17:21:49.636029,2025-08-18T18:14:14.065917
b0a2635d-366e-429a-ada1-4963569b0c25,Prof.,James,Matthews,gabrielaburke@example.org,684.733.6076x7837,2025-10-13T15:28:48.198978,2025-03-31T10:27:35.665806
af90bc7d-1455-454a-b8f7-b1dfef67d6f2,Mrs.,Sophia,Park,susan02@example.com,619-507-2398,2025-04-19T04:11:03.317964,2025-03-26T19:32:49.976180
604e5464-6d7f-42fe-b279-5f9c589f5cbd,Dr.,Alexander,Jackson,simmonsjocelyn@example.net,6017844814,2024-12-18T15:05:10.594702,2025-05-28T10:53:58.358685
82c388bb-c8f9-499f-8cda-6b0f712ca577,Prof.,Michelle,Brown,hjohnson@example.com,(917)737-5406,2024-12-21T01:16:44.403075,2025-06-08T22:53:06.109395
bbd5d11c-4275-44df-99e2-8f7b272003ce,Dr.,Christopher,Armstrong,cameronrichard@example.com,(423)825-9616x5421,2025-07-15T19:40:53.946960,2025-01-31T01:42:43.429739
855592fa-dd64-4e4f-b9f8-e10be43d8a4d,Mr.,Kayla,Watkins,cooperthomas@example.net,368-549-3918x7005,2025-03-03T23:48:19.814084,2025-06-08T03:54:32.957745
3bd76d32-0742-498f-ba98-83f26513527d,Dr.,Jacob,Strickland,amysnow@example.net,(327)417-6488x53133,2025-07-08T15:16:03.334159,2025-06-13T08:50:08.094115
0b98f2f7-9db3-4e97-9a75-4bc377abd0ef,Prof.,Whitney,Stevenson,alyssa33@example.com,+1-477-628-5319x0534,2024-11-17T05:51:08.277719,2024-11-09T15:42:19.548681
c9446d0d-27fb-4b4d-a05b-d09d3eb84abc,Mrs.,Mary,Jones,jessicarodriguez@example.com,379.538.2977x0177,2025-07-14T19:26:49.957027,2025-01-13T02:08:07.494554
9d739862-a152-4255-b0f8-5890cd7566cc,Ms.,Cheryl,Garcia,hstevenson@example.org,(541)421-5883x37316,2025-09-11T09:45:38.434279,2025-09-12T06:43:09.822550
34407d5d-3a54-4977-91af-a4cb4d1f08ef,Mrs.,Alan,Dunn,jonathan96@example.org,520.850.8094x460,2024-11-14T14:48:13.002539,2025-02-24T12:50:53.441485
93638f07-7741-4171-b9ea-253a0cbadcc0,Ms.,Tracy,Adams,linda33@example.com,319-775-7329x586,2025-09-27T02:07:12.711752,2025-03-22T07:39:40.621192
625a3fa4-b69a-406a-a35a-35349a82829c,Mr.,Catherine,Chen,wanderson@example.com,001-635-484-3509x537,2025-03-08T22:52:36.781247,2024-11-12T08:20:53.436249
e0bd8712-7e74-49e8-9ef7-d03d07ddf3fa,Dr.,Laura,Smith,starkbryan@example.net,+1-792-445-2906x41807,2025-08-21T09:02:45.251958,2024-12-21T18:00:10.825583
f0fe910b-314e-477f-a3ae-e36067dd91a0,Mrs.,Erika,Perkins,deborah41@example.com,(594)949-7837x8577,2025-02-07T05:22:48.269125,2025-09-30T01:54:21.497064
71e4f0ef-e673-4e0d-966f-1e84000041e2,Mrs.,Natasha,Wall,tranmichael@example.com,(956)730-7503,2025-04-14T07:03:40.883957,2025-06-14T21:51:10.616714
d88afe35-68ab-43b3-96c0-40525666a308,Ms.,Nancy,Gomez,brianjohnson@example.net,(387)411-1816,2025-03-11T05:59:34.195465,2025-01-25T12:43:26.862797
98330f11-8d30-440d-a686-73a5dc112db2,Prof.,Sharon,Boone,evaldez@example.net,001-990-824-7339x03796,2025-05-13T01:33:19.850645,2024-11-03T17:22:14.400822
0ac69228-4d6e-4f1c-a8da-36e894478719,Ms.,Amy,Skinner,zclark@example.net,+1-780-328-0339x38504,2025-02-27T07:43:57.745514,2025-07-22T16:57:40.566544
32840535-4d34-416a-ab2b-32f1f2d9904e,Ms.,Scott,Jones,wigginscarolyn@example.net,+1-590-275-9642x91143,2025-03-04T16:06:55.031412,2025-09-16T00:43:06.366066
0f86e11a-7023-4397-b3fd-4ead599c5be4,Prof.,Lance,Bentley,agomez@example.org,+1-264-391-2447x36764,2025-07-28T17:58:45.913574,2025-01-18T19:58:49.405251
058331b0-af13-4697-9a7d-25966a0ab132,Mrs.,Johnny,Hernandez,evansdonald@example.org,851.245.2146,2025-03-31T22:55:11.265195,2025-10-23T13:57:51.113621
d629fe50-52f6-4b2c-9c4b-00c97817ad08,Mrs.,Jennifer,Kemp,vincentmay@example.org,633-649-3383x04844,2024-12-31T19:30:37.751503,2025-06-12T16:43:00.677338
25bdd723-26ca-4a98-958c-c36a6cd2ce20,Ms.,Clifford,Crawford,znelson@example.com,+1-420-453-8649x79035,2025-03-06T16:14:03.180628,2025-01-06T17:11:18.625010
6bb34bfb-9ab2-4b2d-892c-5c0b0093b6fa,Ms.,Sarah,Mendoza,belindaparrish@example.org,478-382-9169x034,2024-11-25T12:51:23.933537,2024-11-17T09:01:37.705920
5f827818-bef6-4a65-b3d4-53fcca7a9c08,Prof.,John,Mejia,amandasullivan@example.net,(909)985-0511x3666,2025-03-20T23:31:31.036552,2025-04-05T21:46:47.459722
75d15ee5-5de5-48c2-ae37-8401104df0cb,Mr.,Matthew,Rogers,eddiemckinney@example.org,001-902-334-9010,2025-04-17T04:00:05.436109,2025-07-03T04:39:17.258154
2a130fa8-e082-4126-aa3f-a9879152a6e2,Prof.,Tyler,Smith,jaredmyers@example.com,(269)290-6442x608,2025-09-23T11:52:49.061347,2025-03-24T10:35:03.684583
a4e4066d-608a-454b-9a8e-3cfc3022b26f,Mr.,Thomas,Nichols,donnanichols@example.org,257-456-9163,2025-09-04T01:27:13.092633,2025-02-05T17:46:08.654065
e3cb131f-57de-4872-b59a-357d3df0a70a,Dr.,Jessica,Stephens,vanderson@example.org,(565)645-8120,2025-07-17T10:56:39.621402,2025-06-05T08:39:52.398669
e8b7880e-1a8b-42ea-9672-e3fa3eb6dff5,Mr.,Kimberly,Smith,cchristensen@example.net,277-658-5285x922,2025-01-27T11:44:50.359853,2025-02-07T14:59:16.940825
f7f263c0-4bf8-4903-95e0-001412d14d1d,Dr.,Brooke,Tyler,kennethkirby@example.com,+1-842-443-4073x9839,2025-07-15T02:18:57.430245,2025-03-10T02:40:08.344232
1ec16e38-1eb1-43f1-8684-abd1856b8a7a,Mr.,Christopher,Trujillo,melissa18@example.net,001-872-293-0259x487,2025-09-09T22:12:39.097285,2025-09-10T22:32:48.088005
82c7d4f3-185a-4324-999f-2822c9ccf1b8,Ms.,Heather,Rosales,moorekristin@example.com,+1-680-493-3009x1965,2024-11-16T00:04:27.050358,2025-10-10T15:44:23.943042
614cb6a5-2e6e-4742-9fd8-8819ef4f244c,Mr.,Marcus,Park,alexis58@example.org,(642)567-8017x458,2025-08-20T03:43:55.637290,2025-05-26T15:59:02.808021
4a39b2dd-1e01-43bc-96a2-93f67e2dab47,Dr.,Jessica,Anderson,kara85@example.org,(746)773-0527x90889,2025-01-05T05:29:10.782351,2025-07-11T13:59:29.022071
470dbf80-2411-400c-9bee-1f8f7faab18d,Mr.,Shawn,Reed,veronica99@example.net,+1-337-354-0861,2025-05-12T10:08:12.887697,2025-03-27T18:08:42.812820
09d62de4-fd06-4b25-937c-06c0ad955a7c,Mrs.,Gregory,Ryan,jonathan78@example.org,534.417.0204x4238,2025-06-28T05:36:10.691899,2025-07-15T06:56:18.956494
38492665-67df-4f80-b983-509f30e9488a,Mr.,Robert,Gonzalez,maryoconnor@example.net,431-541-7627,2025-01-20T09:34:14.521747,2025-07-17T18:18:47.802819
4458a1ba-200c-4a43-b645-f1872009c18f,Ms.,Robert,Ferguson,scottbrown@example.com,+1-333-424-4067,2025-08-18T20:10:00.751392,2025-04-12T00:25:04.238220
91d57b69-9ec8-4f9b-b893-8ccf6e755665,Dr.,Thomas,Jones,kaufmanmatthew@example.com,3875641605,2025-08-31T11:32:38.911934,2025-06-06T19:37:50.077960
235c7202-e82f-401f-93ab-90181e8f6a82,Dr.,Joshua,Compton,josestevenson@example.net,692.834.0785x078,2024-12-08T01:12:33.995765,2025-09-05T08:55:08.796398
3bff3ef7-8808-4660-b906-7476612d85e9,Dr.,Sean,Harrison,yschwartz@example.org,(393)279-5043,2025-02-17T00:45:31.096558,2025-04-03T17:59:11.128089
9ec7a05e-4d7f-4997-b3ce-dffbab7d2976,Mr.,Robert,Schneider,djohnson@example.com,269.309.8957x3940,2025-03-22T23:01:26.049550,2025-02-25T07:30:40.920832
5585309e-f937-4532-ba03-87a05799994f,Ms.,Christopher,Anderson,mcguirejoseph@example.org,+1-732-261-2026x726,2025-04-05T17:29:05.449694,2025-06-15T09:42:02.650960
0cd13f39-d113-4c09-8605-23ec3f81baa8,Dr.,Laura,Phillips,bankscheryl@example.com,500-956-9742x8308,2025-02-22T08:24:14.442883,2025-08-19T02:51:16.464542
31878d1c-eac2-4cb1-966a-03c8fb66a21c,Ms.,Lucas,Ellis,joshuawatson@example.com,660.208.9509,2025-01-21T18:29:28.157534,2025-06-08T17:38:19.440337
daf0e9b3-0ded-48b5-a6f0-09e7020a4b41,Dr.,Robert,Martinez,melissa72@example.com,553-812-5525x5371,2025-10-15T23:28:32.541832,2025-08-01T16:15:11.565902
46e725cf-3cad-46e8-a315-628e12548aa1,Mrs.,Adam,Cook,garnercynthia@example.com,9104802905,2024-11-05T02:07:12.986383,2024-11-29T13:31:07.024697
c3db0a50-41d8-4f15-8847-12e27220494b,Prof.,Mike,Rivera,mrobinson@example.org,843-613-2984x4917,2025-08-18T20:21:29.416900,2025-02-08T11:11:10.844895
79fec07a-47d1-4cd5-a492-0fecf4430f30,Prof.,Victoria,Gomez,williamsandrew@example.com,293.901.2088x24842,2025-02-09T09:44:07.991230,2025-01-17T10:35:21.153388
1a431e9a-3dc0-4c3f-aaef-3c8e7d6cf284,Mrs.,Jennifer,Dalton,xjames@example.org,+1-999-809-6307,2025-06-29T07:10:04.679094,2025-01-20T08:09:16.952615
53c5b9f0-99e8-4071-8ccb-f58702096507,Ms.,Kirsten,Garcia,rayanthony@example.net,8859788243,2025-01-15T17:28:49.536758,2024-11-13T16:44:27.474574
4729bb2a-aa9e-4d5a-931f-c33c4d9d98d9,Ms.,Gail,Murillo,madeline85@example.net,+1-391-272-4604x846,2025-05-05T17:33:35.547403,2025-03-16T08:24:41.881992
7c97d48f-130a-4c36-8efa-95dfcd926cb6,Prof.,Jonathan,Howard,schwartzmichael@example.org,626.555.2477,2025-10-19T03:22:23.874581,2025-03-04T07:09:31.162840
44c56876-25ba-4cec-ac73-9116fe9d104a,Dr.,Christina,Clark,simpsonjudith@example.com,+1-658-705-7763,2025-04-28T14:42:50.724874,2024-11-03T20:24:35.349638
5a37401b-5470-4bbe-864d-0cd4fbb3115e,Mrs.,Thomas,Snyder,hurstjessica@example.org,349.961.5367,2025-05-18T11:56:13.296031,2025-09-20T13:24:13.990274
e88b6f57-485b-42ca-bf81-c33a7d924be6,Dr.,Caleb,Green,fpeters@example.org,(224)878-6580x04884,2025-06-19T05:06:36.200794,2025-08-14T09:29:58.971159
9cac5084-4188-4207-9514-4b89779d515d,Mr.,Donald,Cross,wmclaughlin@example.org,347.382.7960,2025-06-16T17:12:28.326367,2025-10-28T19:00:19.645784
3671d172-97af-41d1-afbe-92d329894c7a,Prof.,Victoria,Goodwin,wesley23@example.net,(797)958-6093,2024-12-30T07:27:07.969091,2025-09-19T07:01:27.670963
e855cc7c-f1b4-415a-86f4-e3310aa28550,Dr.,Janet,Butler,watkinssamuel@example.org,542-524-1960x44141,2025-03-20T08:08:04.236070,2025-06-16T20:04:32.090268
9e675fb1-22b6-4303-8e3d-4600dfcc2604,Dr.,Anthony,Gregory,gabriel02@example.net,(771)253-1811,2025-07-20T13:32:59.058851,2025-10-27T13:04:04.005408
ddd81e27-9037-4972-83fb-4771a692b493,Ms.,Brett,Reeves,goodadam@example.com,(926)498-8054,2025-06-28T14:59:08.201233,2025-02-14T22:47:13.566764
499ddc4d-0a18-4d30-8566-9c8d7c632533,Ms.,Kristen,Joseph,millsjeffrey@example.net,(752)589-6701x018,2025-07-15T05:00:46.803953,2025-02-18T16:53:54.636648
c4160f32-24e2-4a3e-9b44-f30e1ce82de6,Dr.,Annette,Franklin,hardyjose@example.com,294.966.5221,2025-08-04T07:59:50.217898,2024-11-14T19:16:23.209720
3bdf7d2b-31d5-4514-9ebb-9266ad61f8c3,Dr.,Christopher,Bradford,angelamcdonald@example.com,+1-226-903-8975,2024-11-13T19:27:02.814059,2025-06-30T04:26:02.224382
99e8dda7-297b-4e5b-89d5-ba872bc558a8,Prof.,Margaret,Woods,caseyschwartz@example.net,815-650-7450,2025-03-26T15:17:37.914837,2025-09-07T13:47:41.941006
d8d46f76-3bf6-43ce-9bf5-29b49a9887f5,Dr.,Lauren,Powers,caustin@example.net,001-976-409-4018x130,2024-11-09T19:07:50.265612,2025-10-11T14:14:18.652118
b67c8158-0139-4685-8a59-6f751faa2348,Ms.,Deborah,Coleman,nelsonmary@example.org,400.770.4062,2024-11-11T06:48:46.451074,2025-02-26T05:11:14.031960
73bbe217-18ba-4048-b011-2bee44d460cb,Dr.,Morgan,Mccoy,barnesxavier@example.org,633-457-2845x90281,2025-02-02T04:46:59.847920,2025-02-01T14:48:43.059150
faa1e518-99e7-48b2-a966-24c3cde62038,Dr.,Rebecca,Cherry,gonzalezkimberly@example.com,261-415-8506,2025-09-21T22:20:14.505153,2025-07-23T07:12:31.323112
dc01f7a4-0645-41d1-b8a4-6c81cc3c9259,Dr.,Oscar,Lewis,kristinsmith@example.com,(918)315-8888,2025-02-25T23:36:55.700288,2025-07-18T11:59:16.333322
08ce86df-fd4f-4559-9cc9-2035bbc5d45e,Ms.,Heather,Reed,ypotter@example.net,001-472-285-6084x9727,2024-11-03T03:07:05.132954,2025-08-14T08:42:13.244270
3cc07522-c7f0-4a63-ba50-b8b8220f2afb,Ms.,Austin,Thompson,pamela83@example.org,672.377.3231x54152,2025-07-13T23:38:02.773397,2025-08-15T10:13:57.787920
003ff287-b925-4466-ae24-ce1fb10e0908,Dr.,Albert,Short,lisawilliams@example.net,280-936-4286,2025-03-06T06:06:56.180278,2025-08-12T09:14:50.299938
745d5b5b-cd2a-4d0d-91e0-744dee4d4144,Dr.,Christine,Macias,amanda83@example.net,536-397-9205x383,2025-02-15T05:12:24.267370,2025-09-13T11:11:32.965952
acd17f97-0963-421d-a45b-3c09b512a1f9,Dr.,Travis,Jensen,jacqueline77@example.com,707-918-8110x95512,2025-07-02T04:39:09.060393,2025-09-26T00:54:45.250057
d829970a-e5b5-4efe-b315-971b768501b9,Mr.,Edward,Valentine,englishryan@example.org,774.395.2007,2024-12-01T10:56:01.251140,2025-06-12T19:38:33.222272
17610905-6bae-4bf8-987e-e600e3844e4c,Mrs.,Paige,Colon,jonesjermaine@example.org,792-224-6229x22290,2025-07-28T06:57:38.205466,2025-05-24T16:42:00.076365
854669ce-075d-466a-8f9f-90e95fda638a,Dr.,Terri,Parker,phillipsvirginia@example.com,387-996-1196,2025-04-23T00:47:24.506310,2025-04-22T14:13:34.238269
3cf8eff6-4778-4433-aa37-2545e100acd7,Prof.,Tina,Moyer,dixonderrick@example.org,(800)242-4181x92474,2025-10-10T20:32:37.830323,2025-09-05T03:08:13.974684
